{
  "optimizer": "AdamW",
  "lr0": 0.005100627805979914,
  "lrf": 0.00946650379847817,
  "weight_decay": 3.7758875456826846e-06,
  "momentum": 0.7436852193238822,
  "batch": 16,
  "box": 12.82007021137776,
  "cls": 4.277628208996668,
  "dfl": 0.45850060607767884,
  "warmup_epochs": 6.827098485602952,
  "cos_lr": true,
  "fl_gamma": 0.0
}