{
  "optimizer": "AdamW",
  "lr0": 0.002064871781726893,
  "lrf": 0.029206531194913628,
  "weight_decay": 0.001245635683275296,
  "momentum": 0.9451593759443165,
  "batch": 16,
  "box": 5.852405705833931,
  "cls": 0.9689743502057859,
  "dfl": 1.0880571498971556,
  "warmup_epochs": 3.3403211882493458,
  "cos_lr": false,
  "fl_gamma": 0.0
}