{
  "yolov8n": {
    "map50": 0.7681905974266113,
    "map50_95": 0.5399759877352774,
    "mean_recall": 0.7193392532774535,
    "min_recall": 0.30434782608695654,
    "mean_prec": 0.7485544229910585,
    "per_class_recall": [
      0.61776159565235,
      0.5144155960884128,
      0.7945945945945946,
      0.8398353331400076,
      0.8963265306122449,
      0.9362416107382551,
      0.30434782608695654,
      0.7002044989775051,
      0.8703256936067552
    ],
    "per_class_prec": [
      0.6643442650450404,
      0.6396050479837739,
      0.8476415708940872,
      0.7550634287936885,
      0.827861576151446,
      0.9386492757904511,
      0.41378030434349017,
      0.7594395741029841,
      0.8906047638145649
    ],
    "per_class_ap50": [
      0.6540545314111812,
      0.551867701326638,
      0.875451238546483,
      0.8828440495749422,
      0.9195440029273046,
      0.9853245275653643,
      0.296863687007049,
      0.8023198231963771,
      0.9454458152841625
    ],
    "composite": 0.6117212939521479
  },
  "yolov8s": {
    "map50": 0.7624792464674212,
    "map50_95": 0.5285102216827409,
    "mean_recall": 0.7212505735519436,
    "min_recall": 0.10144927536231885,
    "mean_prec": 0.7203231070828883,
    "per_class_recall": [
      0.6392563460850912,
      0.5962732919254659,
      0.8283783783783784,
      0.8450580733169056,
      0.921959679556718,
      0.9429530201342282,
      0.10144927536231885,
      0.7443951309840193,
      0.8715319662243667
    ],
    "per_class_prec": [
      0.6474616462003179,
      0.6113859244977816,
      0.8406155055343435,
      0.7468608205692364,
      0.8199506882451655,
      0.9310560981036592,
      0.2886606231344687,
      0.7329892481684925,
      0.8639274092925295
    ],
    "per_class_ap50": [
      0.679038143541245,
      0.5886083937245011,
      0.8902981100622688,
      0.8856591572025749,
      0.927312926886469,
      0.9831286650412977,
      0.14894314560676786,
      0.8088627705260458,
      0.9504619056156208
    ],
    "composite": 0.605606362430422
  },
  "yolov8m": {
    "map50": 0.5243790555347875,
    "map50_95": 0.32608892843118875,
    "mean_recall": 0.5551562368680849,
    "min_recall": 0.028985507246376812,
    "mean_prec": 0.49600696164920727,
    "per_class_recall": [
      0.6385549023045964,
      0.5737342752967941,
      0.7648648648648648,
      0.32371794871794873,
      0.5151020408163265,
      0.9026845637583892,
      0.028985507246376812,
      0.56359918200409,
      0.6851628468033776
    ],
    "per_class_prec": [
      0.6033834766936107,
      0.5462373099488552,
      0.3915380591243414,
      0.4845365341357165,
      0.7807969640497867,
      0.2686999055808367,
      0.0008292729121991593,
      0.6397836737980184,
      0.7482574585995003
    ],
    "per_class_ap50": [
      0.6272111849217414,
      0.5339769529014947,
      0.4897475089161374,
      0.2714194189880619,
      0.5473360268544435,
      0.8142087747427587,
      0.008780487272335234,
      0.6533606536923259,
      0.773370491523788
    ],
    "composite": 0.4177158518059472
  }
}